2014-09-28 22:57:23 +0900,BenceFacebook Art覺k,https://twitter.com/search?q=%22BenceFacebook%20Art%C4%B1k%22&src=tren
2014-09-28 22:57:23 +0900,#LiamWeKnowItWasYou,https://twitter.com/hashtag/LiamWeKnowItWasYou?src=tren
2014-09-28 22:57:23 +0900,#MentionYourGirlSoNobodyStealsHer,https://twitter.com/hashtag/MentionYourGirlSoNobodyStealsHer?src=tren
2014-09-28 22:57:23 +0900,#InterCagliari,https://twitter.com/hashtag/InterCagliari?src=tren
2014-09-28 22:57:23 +0900,#KemanaBapakJokowi,https://twitter.com/hashtag/KemanaBapakJokowi?src=tren
2014-09-28 22:57:23 +0900,#ShamedByYou,https://twitter.com/hashtag/ShamedByYou?src=tren
2014-09-28 22:57:23 +0900,Ekdal,https://twitter.com/search?q=Ekdal&src=tren
2014-09-28 22:57:23 +0900,Daniel Braddy L,https://twitter.com/search?q=%22Daniel%20Braddy%20L%22&src=tren
2014-09-28 22:57:23 +0900,Ken Love MG 17,https://twitter.com/search?q=%22Ken%20Love%20MG%2017%22&src=tren
2014-09-28 22:57:23 +0900,Handanovic,https://twitter.com/search?q=Handanovic&src=tren
2014-09-28 22:57:47 +0900,#BenceOkullarArt覺k,https://twitter.com/hashtag/BenceOkullarArt%C4%B1k?src=tren
2014-09-28 22:57:47 +0900,#InterCagliari,https://twitter.com/hashtag/InterCagliari?src=tren
2014-09-28 22:57:47 +0900,#MentionYourGirlSoNobodyStealsHer,https://twitter.com/hashtag/MentionYourGirlSoNobodyStealsHer?src=tren
2014-09-28 22:57:47 +0900,#IrvanSinchan,https://twitter.com/hashtag/IrvanSinchan?src=tren
2014-09-28 22:57:47 +0900,#LiamWeKnowItWasYou,https://twitter.com/hashtag/LiamWeKnowItWasYou?src=tren
2014-09-28 22:57:47 +0900,Ekdal,https://twitter.com/search?q=Ekdal&src=tren
2014-09-28 22:57:47 +0900,Cokro Love Bellen 17,https://twitter.com/search?q=%22Cokro%20Love%20Bellen%2017%22&src=tren
2014-09-28 22:57:47 +0900,Justin Rose,https://twitter.com/search?q=%22Justin%20Rose%22&src=tren
2014-09-28 22:57:47 +0900,BenceFacebook Art覺k,https://twitter.com/search?q=%22BenceFacebook%20Art%C4%B1k%22&src=tren
2014-09-28 22:57:47 +0900,Daniel Braddy L,https://twitter.com/search?q=%22Daniel%20Braddy%20L%22&src=tren
2014-09-28 22:58:28 +0900,#FikriOnTTI,https://twitter.com/hashtag/FikriOnTTI?src=tren
2014-09-28 22:58:28 +0900,#BenceOkullarArt覺k,https://twitter.com/hashtag/BenceOkullarArt%C4%B1k?src=tren
2014-09-28 22:58:28 +0900,#IrvanSinchan,https://twitter.com/hashtag/IrvanSinchan?src=tren
2014-09-28 22:58:28 +0900,#MentionYourGirlSoNobodyStealsHer,https://twitter.com/hashtag/MentionYourGirlSoNobodyStealsHer?src=tren
2014-09-28 22:58:28 +0900,#InterCagliari,https://twitter.com/hashtag/InterCagliari?src=tren
2014-09-28 22:58:28 +0900,Ekdal,https://twitter.com/search?q=Ekdal&src=tren
2014-09-28 22:58:28 +0900,GMac,https://twitter.com/search?q=GMac&src=tren
2014-09-28 22:58:28 +0900,Cokro Love Bellen 17,https://twitter.com/search?q=%22Cokro%20Love%20Bellen%2017%22&src=tren
2014-09-28 22:58:28 +0900,Daniel Braddy L,https://twitter.com/search?q=%22Daniel%20Braddy%20L%22&src=tren
2014-09-28 22:58:28 +0900,Nagatomo,https://twitter.com/search?q=Nagatomo&src=tren
